cluster_id,points,xmin,ymin,xmax,ymax,height,zmin,zmax,area
0,60,610632.713,3836926.438,610633.279,3836929.039,0.907,356.876,357.784,1.47
1,2736,610637.532,3836903.931,610639.054,3836909.315,37.569,358.764,396.333,8.19
2,4152,610640.529,3836846.465,610658.050,3836877.409,6.229,355.927,362.157,542.19
3,55,610651.619,3836878.057,610651.986,3836886.386,5.608,355.687,361.295,3.06
4,486,610655.291,3836903.302,610669.078,3836905.436,1.302,356.680,357.982,29.43
5,252,610659.929,3836873.549,610664.164,3836874.687,2.248,356.071,358.319,4.82
6,41,610666.952,3836874.892,610667.831,3836875.760,0.965,357.334,358.299,0.76
7,22,610671.309,3836883.917,610671.454,3836884.701,2.779,358.515,361.294,0.11
9,450,610672.038,3836905.703,610677.773,3836929.057,3.302,354.654,357.956,133.94
8,1140,610672.116,3836868.919,610677.774,3836879.992,3.146,355.903,359.049,62.66
10,575,610674.170,3836856.585,610677.774,3836868.467,2.816,355.991,358.808,42.82
