name,lon,lat,alt,omega,phi,kappa
IMG_00001,120.3,31.199728605029854,120.0,0.0,0.0,0.0
IMG_00002,120.299820337765,31.199728605029854,120.0,0.0,25.0,90.0
IMG_00003,120.30053898670499,31.199728605029854,120.0,0.0,0.0,0.0
IMG_00004,120.30035932447,31.199728605029854,120.0,0.0,25.0,90.0
IMG_00005,120.30107797340999,31.199728605029854,120.0,0.0,0.0,0.0
IMG_00006,120.30089831117499,31.199728605029854,120.0,0.0,25.0,90.0
IMG_00007,120.30161696011498,31.199728605029854,120.0,0.0,0.0,0.0
IMG_00008,120.30143729787999,31.199728605029854,120.0,0.0,25.0,90.0
IMG_00009,120.30215594681998,31.199728605029854,120.0,0.0,0.0,0.0
IMG_00010,120.30197628458498,31.199728605029854,120.0,0.0,25.0,90.0
IMG_00011,120.30269493352498,31.199728605029854,120.0,0.0,0.0,0.0
IMG_00012,120.30251527128998,31.199728605029854,120.0,0.0,25.0,90.0
IMG_00013,120.30323392022997,31.199728605029854,120.0,0.0,0.0,0.0
IMG_00014,120.30305425799497,31.199728605029854,120.0,0.0,25.0,90.0
IMG_00015,120.30377290693495,31.199728605029854,120.0,0.0,0.0,0.0
IMG_00016,120.30359324469997,31.199728605029854,120.0,0.0,25.0,90.0
IMG_00017,120.30431189363995,31.199728605029854,120.0,0.0,0.0,0.0
IMG_00018,120.30413223140495,31.199728605029854,120.0,0.0,25.0,90.0
IMG_00019,120.30485088034494,31.199728605029854,120.0,0.0,0.0,0.0
IMG_00020,120.30467121810995,31.199728605029854,120.0,0.0,25.0,90.0
IMG_00021,120.30538986704994,31.199728605029854,120.0,0.0,0.0,0.0
IMG_00022,120.30521020481494,31.199728605029854,120.0,0.0,25.0,90.0
IMG_00023,120.30592885375493,31.199728605029854,120.0,0.0,0.0,0.0
IMG_00024,120.30574919151994,31.199728605029854,120.0,0.0,25.0,90.0
IMG_00025,120.30646784045993,31.199728605029854,120.0,0.0,0.0,0.0
IMG_00026,120.30628817822493,31.199728605029854,120.0,0.0,25.0,90.0
IMG_00027,120.30700682716493,31.199728605029854,120.0,0.0,0.0,0.0
IMG_00028,120.30682716492993,31.199728605029854,120.0,0.0,25.0,90.0
IMG_00029,120.30754581386992,31.199728605029854,120.0,0.0,0.0,0.0
IMG_00030,120.30736615163492,31.199728605029854,120.0,0.0,25.0,90.0
IMG_00031,120.30808480057492,31.199728605029854,120.0,0.0,0.0,0.0
IMG_00032,120.30790513833992,31.199728605029854,120.0,0.0,25.0,90.0
IMG_00033,120.3,31.201356974850732,120.0,0.0,0.0,0.0
IMG_00034,120.299820337765,31.201356974850732,120.0,0.0,25.0,90.0
IMG_00035,120.30053898670499,31.201356974850732,120.0,0.0,0.0,0.0
IMG_00036,120.30035932447,31.201356974850732,120.0,0.0,25.0,90.0
IMG_00037,120.30107797340999,31.201356974850732,120.0,0.0,0.0,0.0
IMG_00038,120.30089831117499,31.201356974850732,120.0,0.0,25.0,90.0
IMG_00039,120.30161696011498,31.201356974850732,120.0,0.0,0.0,0.0
IMG_00040,120.30143729787999,31.201356974850732,120.0,0.0,25.0,90.0
IMG_00041,120.30215594681998,31.201356974850732,120.0,0.0,0.0,0.0
IMG_00042,120.30197628458498,31.201356974850732,120.0,0.0,25.0,90.0
IMG_00043,120.30269493352498,31.201356974850732,120.0,0.0,0.0,0.0
IMG_00044,120.30251527128998,31.201356974850732,120.0,0.0,25.0,90.0
IMG_00045,120.30323392022997,31.201356974850732,120.0,0.0,0.0,0.0
IMG_00046,120.30305425799497,31.201356974850732,120.0,0.0,25.0,90.0
IMG_00047,120.30377290693495,31.201356974850732,120.0,0.0,0.0,0.0
IMG_00048,120.30359324469997,31.201356974850732,120.0,0.0,25.0,90.0
IMG_00049,120.30431189363995,31.201356974850732,120.0,0.0,0.0,0.0
IMG_00050,120.30413223140495,31.201356974850732,120.0,0.0,25.0,90.0
IMG_00051,120.30485088034494,31.201356974850732,120.0,0.0,0.0,0.0
IMG_00052,120.30467121810995,31.201356974850732,120.0,0.0,25.0,90.0
IMG_00053,120.30538986704994,31.201356974850732,120.0,0.0,0.0,0.0
IMG_00054,120.30521020481494,31.201356974850732,120.0,0.0,25.0,90.0
IMG_00055,120.30592885375493,31.201356974850732,120.0,0.0,0.0,0.0
IMG_00056,120.30574919151994,31.201356974850732,120.0,0.0,25.0,90.0
IMG_00057,120.30646784045993,31.201356974850732,120.0,0.0,0.0,0.0
IMG_00058,120.30628817822493,31.201356974850732,120.0,0.0,25.0,90.0
IMG_00059,120.30700682716493,31.201356974850732,120.0,0.0,0.0,0.0
IMG_00060,120.30682716492993,31.201356974850732,120.0,0.0,25.0,90.0
IMG_00061,120.30754581386992,31.201356974850732,120.0,0.0,0.0,0.0
IMG_00062,120.30736615163492,31.201356974850732,120.0,0.0,25.0,90.0
IMG_00063,120.30808480057492,31.201356974850732,120.0,0.0,0.0,0.0
IMG_00064,120.30790513833992,31.201356974850732,120.0,0.0,25.0,90.0
IMG_00065,120.3,31.201899764791026,120.0,0.0,0.0,0.0
IMG_00066,120.299820337765,31.201899764791026,120.0,0.0,25.0,90.0
IMG_00067,120.30053898670499,31.201899764791026,120.0,0.0,0.0,0.0
IMG_00068,120.30035932447,31.201899764791026,120.0,0.0,25.0,90.0
IMG_00069,120.30107797340999,31.201899764791026,120.0,0.0,0.0,0.0
IMG_00070,120.30089831117499,31.201899764791026,120.0,0.0,25.0,90.0
IMG_00071,120.30161696011498,31.201899764791026,120.0,0.0,0.0,0.0
IMG_00072,120.30143729787999,31.201899764791026,120.0,0.0,25.0,90.0
IMG_00073,120.30215594681998,31.201899764791026,120.0,0.0,0.0,0.0
IMG_00074,120.30197628458498,31.201899764791026,120.0,0.0,25.0,90.0
IMG_00075,120.30269493352498,31.201899764791026,120.0,0.0,0.0,0.0
IMG_00076,120.30251527128998,31.201899764791026,120.0,0.0,25.0,90.0
IMG_00077,120.30323392022997,31.201899764791026,120.0,0.0,0.0,0.0
IMG_00078,120.30305425799497,31.201899764791026,120.0,0.0,25.0,90.0
IMG_00079,120.30377290693495,31.201899764791026,120.0,0.0,0.0,0.0
IMG_00080,120.30359324469997,31.201899764791026,120.0,0.0,25.0,90.0
IMG_00081,120.30431189363995,31.201899764791026,120.0,0.0,0.0,0.0
IMG_00082,120.30413223140495,31.201899764791026,120.0,0.0,25.0,90.0
IMG_00083,120.30485088034494,31.201899764791026,120.0,0.0,0.0,0.0
IMG_00084,120.30467121810995,31.201899764791026,120.0,0.0,25.0,90.0
IMG_00085,120.30538986704994,31.201899764791026,120.0,0.0,0.0,0.0
IMG_00086,120.30521020481494,31.201899764791026,120.0,0.0,25.0,90.0
IMG_00087,120.30592885375493,31.201899764791026,120.0,0.0,0.0,0.0
IMG_00088,120.30574919151994,31.201899764791026,120.0,0.0,25.0,90.0
IMG_00089,120.30646784045993,31.201899764791026,120.0,0.0,0.0,0.0
IMG_00090,120.30628817822493,31.201899764791026,120.0,0.0,25.0,90.0
IMG_00091,120.30700682716493,31.201899764791026,120.0,0.0,0.0,0.0
IMG_00092,120.30682716492993,31.201899764791026,120.0,0.0,25.0,90.0
IMG_00093,120.30754581386992,31.201899764791026,120.0,0.0,0.0,0.0
IMG_00094,120.30736615163492,31.201899764791026,120.0,0.0,25.0,90.0
IMG_00095,120.30808480057492,31.201899764791026,120.0,0.0,0.0,0.0
IMG_00096,120.30790513833992,31.201899764791026,120.0,0.0,25.0,90.0
IMG_00097,120.3,31.203528134611904,120.0,0.0,0.0,0.0
IMG_00098,120.299820337765,31.203528134611904,120.0,0.0,25.0,90.0
IMG_00099,120.30053898670499,31.203528134611904,120.0,0.0,0.0,0.0
IMG_00100,120.30035932447,31.203528134611904,120.0,0.0,25.0,90.0
IMG_00101,120.30107797340999,31.203528134611904,120.0,0.0,0.0,0.0
IMG_00102,120.30089831117499,31.203528134611904,120.0,0.0,25.0,90.0
IMG_00103,120.30161696011498,31.203528134611904,120.0,0.0,0.0,0.0
IMG_00104,120.30143729787999,31.203528134611904,120.0,0.0,25.0,90.0
IMG_00105,120.30215594681998,31.203528134611904,120.0,0.0,0.0,0.0
IMG_00106,120.30197628458498,31.203528134611904,120.0,0.0,25.0,90.0
IMG_00107,120.30269493352498,31.203528134611904,120.0,0.0,0.0,0.0
IMG_00108,120.30251527128998,31.203528134611904,120.0,0.0,25.0,90.0
IMG_00109,120.30323392022997,31.203528134611904,120.0,0.0,0.0,0.0
IMG_00110,120.30305425799497,31.203528134611904,120.0,0.0,25.0,90.0
IMG_00111,120.30377290693495,31.203528134611904,120.0,0.0,0.0,0.0
IMG_00112,120.30359324469997,31.203528134611904,120.0,0.0,25.0,90.0
IMG_00113,120.30431189363995,31.203528134611904,120.0,0.0,0.0,0.0
IMG_00114,120.30413223140495,31.203528134611904,120.0,0.0,25.0,90.0
IMG_00115,120.30485088034494,31.203528134611904,120.0,0.0,0.0,0.0
IMG_00116,120.30467121810995,31.203528134611904,120.0,0.0,25.0,90.0
IMG_00117,120.30538986704994,31.203528134611904,120.0,0.0,0.0,0.0
IMG_00118,120.30521020481494,31.203528134611904,120.0,0.0,25.0,90.0
IMG_00119,120.30592885375493,31.203528134611904,120.0,0.0,0.0,0.0
IMG_00120,120.30574919151994,31.203528134611904,120.0,0.0,25.0,90.0
IMG_00121,120.30646784045993,31.203528134611904,120.0,0.0,0.0,0.0
IMG_00122,120.30628817822493,31.203528134611904,120.0,0.0,25.0,90.0
IMG_00123,120.30700682716493,31.203528134611904,120.0,0.0,0.0,0.0
IMG_00124,120.30682716492993,31.203528134611904,120.0,0.0,25.0,90.0
IMG_00125,120.30754581386992,31.203528134611904,120.0,0.0,0.0,0.0
IMG_00126,120.30736615163492,31.203528134611904,120.0,0.0,25.0,90.0
IMG_00127,120.30808480057492,31.203528134611904,120.0,0.0,0.0,0.0
IMG_00128,120.30790513833992,31.203528134611904,120.0,0.0,25.0,90.0
IMG_00129,120.3,31.204070924552198,120.0,0.0,0.0,0.0
IMG_00130,120.299820337765,31.204070924552198,120.0,0.0,25.0,90.0
IMG_00131,120.30053898670499,31.204070924552198,120.0,0.0,0.0,0.0
IMG_00132,120.30035932447,31.204070924552198,120.0,0.0,25.0,90.0
IMG_00133,120.30107797340999,31.204070924552198,120.0,0.0,0.0,0.0
IMG_00134,120.30089831117499,31.204070924552198,120.0,0.0,25.0,90.0
IMG_00135,120.30161696011498,31.204070924552198,120.0,0.0,0.0,0.0
IMG_00136,120.30143729787999,31.204070924552198,120.0,0.0,25.0,90.0
IMG_00137,120.30215594681998,31.204070924552198,120.0,0.0,0.0,0.0
IMG_00138,120.30197628458498,31.204070924552198,120.0,0.0,25.0,90.0
IMG_00139,120.30269493352498,31.204070924552198,120.0,0.0,0.0,0.0
IMG_00140,120.30251527128998,31.204070924552198,120.0,0.0,25.0,90.0
IMG_00141,120.30323392022997,31.204070924552198,120.0,0.0,0.0,0.0
IMG_00142,120.30305425799497,31.204070924552198,120.0,0.0,25.0,90.0
IMG_00143,120.30377290693495,31.204070924552198,120.0,0.0,0.0,0.0
IMG_00144,120.30359324469997,31.204070924552198,120.0,0.0,25.0,90.0
IMG_00145,120.30431189363995,31.204070924552198,120.0,0.0,0.0,0.0
IMG_00146,120.30413223140495,31.204070924552198,120.0,0.0,25.0,90.0
IMG_00147,120.30485088034494,31.204070924552198,120.0,0.0,0.0,0.0
IMG_00148,120.30467121810995,31.204070924552198,120.0,0.0,25.0,90.0
IMG_00149,120.30538986704994,31.204070924552198,120.0,0.0,0.0,0.0
IMG_00150,120.30521020481494,31.204070924552198,120.0,0.0,25.0,90.0
IMG_00151,120.30592885375493,31.204070924552198,120.0,0.0,0.0,0.0
IMG_00152,120.30574919151994,31.204070924552198,120.0,0.0,25.0,90.0
IMG_00153,120.30646784045993,31.204070924552198,120.0,0.0,0.0,0.0
IMG_00154,120.30628817822493,31.204070924552198,120.0,0.0,25.0,90.0
IMG_00155,120.30700682716493,31.204070924552198,120.0,0.0,0.0,0.0
IMG_00156,120.30682716492993,31.204070924552198,120.0,0.0,25.0,90.0
IMG_00157,120.30754581386992,31.204070924552198,120.0,0.0,0.0,0.0
IMG_00158,120.30736615163492,31.204070924552198,120.0,0.0,25.0,90.0
IMG_00159,120.30808480057492,31.204070924552198,120.0,0.0,0.0,0.0
IMG_00160,120.30790513833992,31.204070924552198,120.0,0.0,25.0,90.0
IMG_00161,120.3,31.205699294373076,120.0,0.0,0.0,0.0
IMG_00162,120.299820337765,31.205699294373076,120.0,0.0,25.0,90.0
IMG_00163,120.30053898670499,31.205699294373076,120.0,0.0,0.0,0.0
IMG_00164,120.30035932447,31.205699294373076,120.0,0.0,25.0,90.0
IMG_00165,120.30107797340999,31.205699294373076,120.0,0.0,0.0,0.0
IMG_00166,120.30089831117499,31.205699294373076,120.0,0.0,25.0,90.0
IMG_00167,120.30161696011498,31.205699294373076,120.0,0.0,0.0,0.0
IMG_00168,120.30143729787999,31.205699294373076,120.0,0.0,25.0,90.0
IMG_00169,120.30215594681998,31.205699294373076,120.0,0.0,0.0,0.0
IMG_00170,120.30197628458498,31.205699294373076,120.0,0.0,25.0,90.0
IMG_00171,120.30269493352498,31.205699294373076,120.0,0.0,0.0,0.0
IMG_00172,120.30251527128998,31.205699294373076,120.0,0.0,25.0,90.0
IMG_00173,120.30323392022997,31.205699294373076,120.0,0.0,0.0,0.0
IMG_00174,120.30305425799497,31.205699294373076,120.0,0.0,25.0,90.0
IMG_00175,120.30377290693495,31.205699294373076,120.0,0.0,0.0,0.0
IMG_00176,120.30359324469997,31.205699294373076,120.0,0.0,25.0,90.0
IMG_00177,120.30431189363995,31.205699294373076,120.0,0.0,0.0,0.0
IMG_00178,120.30413223140495,31.205699294373076,120.0,0.0,25.0,90.0
IMG_00179,120.30485088034494,31.205699294373076,120.0,0.0,0.0,0.0
IMG_00180,120.30467121810995,31.205699294373076,120.0,0.0,25.0,90.0
IMG_00181,120.30538986704994,31.205699294373076,120.0,0.0,0.0,0.0
IMG_00182,120.30521020481494,31.205699294373076,120.0,0.0,25.0,90.0
IMG_00183,120.30592885375493,31.205699294373076,120.0,0.0,0.0,0.0
IMG_00184,120.30574919151994,31.205699294373076,120.0,0.0,25.0,90.0
IMG_00185,120.30646784045993,31.205699294373076,120.0,0.0,0.0,0.0
IMG_00186,120.30628817822493,31.205699294373076,120.0,0.0,25.0,90.0
IMG_00187,120.30700682716493,31.205699294373076,120.0,0.0,0.0,0.0
IMG_00188,120.30682716492993,31.205699294373076,120.0,0.0,25.0,90.0
IMG_00189,120.30754581386992,31.205699294373076,120.0,0.0,0.0,0.0
IMG_00190,120.30736615163492,31.205699294373076,120.0,0.0,25.0,90.0
IMG_00191,120.30808480057492,31.205699294373076,120.0,0.0,0.0,0.0
IMG_00192,120.30790513833992,31.205699294373076,120.0,0.0,25.0,90.0
IMG_00193,120.3,31.20624208431337,120.0,0.0,0.0,0.0
IMG_00194,120.299820337765,31.20624208431337,120.0,0.0,25.0,90.0
IMG_00195,120.30053898670499,31.20624208431337,120.0,0.0,0.0,0.0
IMG_00196,120.30035932447,31.20624208431337,120.0,0.0,25.0,90.0
IMG_00197,120.30107797340999,31.20624208431337,120.0,0.0,0.0,0.0
IMG_00198,120.30089831117499,31.20624208431337,120.0,0.0,25.0,90.0
IMG_00199,120.30161696011498,31.20624208431337,120.0,0.0,0.0,0.0
IMG_00200,120.30143729787999,31.20624208431337,120.0,0.0,25.0,90.0
IMG_00201,120.30215594681998,31.20624208431337,120.0,0.0,0.0,0.0
IMG_00202,120.30197628458498,31.20624208431337,120.0,0.0,25.0,90.0
IMG_00203,120.30269493352498,31.20624208431337,120.0,0.0,0.0,0.0
IMG_00204,120.30251527128998,31.20624208431337,120.0,0.0,25.0,90.0
IMG_00205,120.30323392022997,31.20624208431337,120.0,0.0,0.0,0.0
IMG_00206,120.30305425799497,31.20624208431337,120.0,0.0,25.0,90.0
IMG_00207,120.30377290693495,31.20624208431337,120.0,0.0,0.0,0.0
IMG_00208,120.30359324469997,31.20624208431337,120.0,0.0,25.0,90.0
IMG_00209,120.30431189363995,31.20624208431337,120.0,0.0,0.0,0.0
IMG_00210,120.30413223140495,31.20624208431337,120.0,0.0,25.0,90.0
IMG_00211,120.30485088034494,31.20624208431337,120.0,0.0,0.0,0.0
IMG_00212,120.30467121810995,31.20624208431337,120.0,0.0,25.0,90.0
IMG_00213,120.30538986704994,31.20624208431337,120.0,0.0,0.0,0.0
IMG_00214,120.30521020481494,31.20624208431337,120.0,0.0,25.0,90.0
IMG_00215,120.30592885375493,31.20624208431337,120.0,0.0,0.0,0.0
IMG_00216,120.30574919151994,31.20624208431337,120.0,0.0,25.0,90.0
IMG_00217,120.30646784045993,31.20624208431337,120.0,0.0,0.0,0.0
IMG_00218,120.30628817822493,31.20624208431337,120.0,0.0,25.0,90.0
IMG_00219,120.30700682716493,31.20624208431337,120.0,0.0,0.0,0.0
IMG_00220,120.30682716492993,31.20624208431337,120.0,0.0,25.0,90.0
IMG_00221,120.30754581386992,31.20624208431337,120.0,0.0,0.0,0.0
IMG_00222,120.30736615163492,31.20624208431337,120.0,0.0,25.0,90.0
IMG_00223,120.30808480057492,31.20624208431337,120.0,0.0,0.0,0.0
IMG_00224,120.30790513833992,31.20624208431337,120.0,0.0,25.0,90.0
FAR_00,120.3107797340999,31.208141849104397,120.0,0.0,0.0,0.0
FAR_01,120.31149838303988,31.209046499004884,120.0,0.0,0.0,0.0
FAR_02,120.31221703197987,31.209951148905372,120.0,0.0,0.0,0.0
FAR_03,120.31293568091986,31.210855798805863,120.0,0.0,0.0,0.0
FAR_04,120.31365432985986,31.21176044870635,120.0,0.0,0.0,0.0
FAR_05,120.31437297879985,31.212665098606838,120.0,0.0,0.0,0.0
