tile,points,minx,miny,minz,maxx,maxy,maxz,format,bytes
Tile_1.las,65680447,610119.9592042699,3836306.724824403,348.499670529902,610283.1833745565,3836433.343171827,403.3833598735034,2,1707692741
Tile_10.las,84629594,610283.181374974,3836598.5793468473,352.8486602922678,610414.71427296,3836681.2004332184,373.7855318140462,2,2200370563
Tile_11.las,77053238,610283.1813794316,3836681.1984336763,353.10376331878456,610414.7142764808,3836763.819519865,389.1684526380375,2,2003385307
Tile_12.las,197930516,610283.1813752716,3836763.8175226757,352.5285371077955,610414.7142742394,3836929.057693188,404.39447185380754,2,5146194535
Tile_13.las,63830654,610414.7122794179,3836433.3411729895,352.6479477492869,610546.2451744794,3836515.9622584106,369.0435168573856,2,1659598123
Tile_14.las,65630947,610414.7122787815,3836515.960260063,353.0610026951656,610546.245178155,3836598.581345828,370.3680855909586,2,1706405741
Tile_15.las,39307823,610414.7122779355,3836598.579349388,353.0290166672096,610480.4797245946,3836681.200433264,374.97519262025503,2,1022004517
Tile_16.las,37241863,610414.7122776243,3836681.1984343496,353.08775237498435,610480.4797268744,3836763.8195187426,383.51200986730305,2,968289557
Tile_17.las,125727114,610414.7122790117,3836763.817520776,352.8650048944876,610546.245177375,3836846.4386074897,404.43805973867325,2,3268906083
Tile_18.las,67225224,610414.7122785595,3836846.4366076523,352.1861730135754,610546.2451780838,3836929.0576943043,403.26221204718945,2,1747856943
Tile_19.las,38516298,610480.4777299283,3836598.579346751,353.2116144366339,610546.2451738822,3836681.200432753,374.83014907950906,2,1001424867
Tile_2.las,172205844,610084.0805213028,3836433.3411725066,352.0181936651245,610283.1833740334,3836598.5813453747,404.76574395953116,2,4477353063
Tile_20.las,38325054,610480.4777280494,3836681.1984366644,353.4195853119493,610546.2451773142,3836763.819514365,385.6879508381933,2,996452523
Tile_21.las,209649944,610546.2431789527,3836308.9588078405,352.64291688909384,610809.3069815278,3836433.343172361,407.7362291792631,2,5450899663
Tile_22.las,94531511,610546.2431788183,3836433.3411731957,352.76621061114224,610677.7760786413,3836515.9622592907,390.7807641828656,2,2457820405
Tile_23.las,91412580,610546.2431828262,3836515.9602599554,352.9892429804206,610677.7760690285,3836598.581346395,386.2290409550294,2,2376728199
Tile_24.las,54843193,610546.243183128,3836598.579346749,353.227189743124,610612.0106283216,3836681.200432307,386.34700978251544,2,1425924137
Tile_25.las,87335235,610546.2431811866,3836681.19843572,353.3993267074004,610677.7760799635,3836763.819520327,377.9236813614368,2,2270717229
Tile_26.las,14742583,610546.2431793987,3836763.8175392994,354.1405141038597,610612.0106163007,3836846.4386000857,357.16843549518285,2,383308277
Tile_27.las,21700324,610546.2431829019,3836846.436616902,353.9351583385617,610612.010623265,3836929.0576914633,389.05820675457267,2,564209543
Tile_28.las,52434746,610546.2431811121,3836929.0557004744,354.38031543621423,610677.7760786182,3837011.676781214,369.89006737230716,2,1363304515
Tile_29.las,60706133,610546.2431810605,3837011.6747816578,355.589831682086,610677.7760799394,3837094.29586836,374.22603183316437,2,1578360577
Tile_3.las,61585412,610055.1910472772,3836598.5793476794,352.1740042457134,610151.6524725504,3836763.819514103,404.1226404819861,2,1601221831
Tile_30.las,87651222,610546.2431795673,3837094.293868785,354.07022448738667,610677.7760790386,3837176.9149541077,388.369290759623,2,2278932891
Tile_31.las,91630783,610546.2431788197,3837176.9129563007,354.1558431677297,610677.7760795889,3837259.5340417586,384.00614513719825,2,2382401477
Tile_32.las,92153160,610546.2431789947,3837259.532043075,354.4273872060478,610677.7760786668,3837342.15312928,378.72438839806614,2,2395983279
Tile_33.las,83929276,610546.2431799382,3837342.1511298534,354.79278918372097,610677.7760789166,3837424.7722164155,380.7707883322835,2,2182162295
Tile_34.las,117693908,610546.2431931719,3837424.770216778,352.2439839860201,610809.3069817438,3837579.820072615,378.0042303128391,2,3060042727
Tile_35.las,54568527,610612.0086302076,3836598.579347478,353.6206184096411,610677.7760800426,3836681.2004329674,382.1007872492298,2,1418782821
Tile_36.las,18514781,610612.0086418297,3836763.8175232876,355.247822869733,610677.776079398,3836846.438602729,377.0551454525664,2,481385425
Tile_37.las,19504611,610612.008629389,3836846.4366076,354.50897686572375,610677.7760786492,3836929.057685882,396.3451711310297,2,507121005
Tile_38.las,109024990,610677.774080399,3836433.3411724847,353.6248412655443,610809.3069804983,3836515.9622593517,406.4457296420112,2,2834650859
Tile_39.las,22575733,610677.7740822843,3836515.9602595353,353.64598009099814,610743.5415236102,3836598.5813365565,370.34302558081595,2,586970177
Tile_4.las,102152006,610041.7254691015,3836763.817520623,352.1616429334283,610283.183372852,3836928.962546293,404.1371211258918,2,2655953275
Tile_40.las,52214024,610677.7740806129,3836598.5793470414,353.8766214104146,610743.5415310768,3836681.2004326866,383.07830330806223,2,1357565743
Tile_41.las,87103726,610677.774081867,3836681.198433823,353.5300736661777,610809.3069817177,3836763.8195201424,376.08420247102526,2,2264697995
Tile_42.las,28329253,610677.7740852599,3836763.817521043,355.3731524126381,610743.5415307571,3836846.438600806,376.7675862534195,2,736561697
Tile_43.las,17329101,610677.7740835951,3836846.436616593,354.2968887492791,610743.5415296505,3836929.057686066,361.9692801645249,2,450557745
Tile_44.las,18033402,610677.7740819332,3836929.0557189984,354.30944864654543,610743.5415253603,3837011.676781452,393.62382892223445,2,468869571
Tile_45.las,28697634,610677.7740804648,3837011.6747820005,357.08724618440124,610743.5415309706,3837094.295867289,370.21072996018825,2,746139603
Tile_46.las,48378430,610677.7740810972,3837094.293872195,354.53429451787474,610743.5415290642,3837176.9149532816,385.2239227814823,2,1257840299
Tile_47.las,48021111,610677.7740822943,3837176.9129569028,354.9004495769516,610743.5415275878,3837259.534042211,383.9593275755867,2,1248550005
Tile_48.las,82995108,610677.7740838189,3837259.5320434454,356.2215944316015,610809.306979905,3837342.1531292214,388.58659483196584,2,2157873927
Tile_49.las,93635376,610677.7740823515,3837342.1511320476,355.49980039445313,610809.3069813916,3837424.7722161906,381.87097893638906,2,2434520895
Tile_5.las,153517525,610267.8520632774,3836929.055694765,351.8588049702123,610546.2451778346,3837494.5787214823,392.57399625873563,2,3991456769
Tile_50.las,41818687,610743.5395330468,3836515.9602595326,354.0269559027404,610809.306981708,3836598.5813428657,389.32414968761054,2,1087286981
Tile_51.las,54472932,610743.5395313433,3836598.5793490084,354.1767304345742,610809.3069805383,3836681.200433276,392.8654940834492,2,1416297351
Tile_52.las,26523479,610743.5395315025,3836763.817521057,355.51185064779224,610809.3069763907,3836846.4386062757,375.9048402736187,2,689611573
Tile_53.las,17764568,610743.5395327536,3836846.4366252674,355.2223160417527,610809.3069770888,3836929.0576935033,388.89934043011067,2,461879887
Tile_54.las,20281475,610743.5395352578,3836929.055695119,355.2405106566623,610809.3069819952,3837011.6767761065,391.88314096520094,2,527319469
Tile_55.las,35080943,610743.5395328138,3837011.6748012844,356.66448636928203,610809.3069814598,3837094.2958627087,374.74979900272933,2,912105637
Tile_56.las,40007300,610743.5395355715,3837094.293874905,356.593477314502,610809.306981041,3837176.9149548537,385.41302979721127,2,1040190919
Tile_57.las,32134450,610743.5395313193,3837176.912956139,356.56133542505654,610809.306974254,3837259.5340399817,385.4753619589135,2,835496819
Tile_58.las,45379605,610809.3049827357,3836341.328552848,354.33047973380985,610998.3562419007,3836433.343172255,406.4361085042581,2,1179870849
Tile_59.las,119611689,610809.3049827095,3836433.341173352,354.20763344985994,610940.8378829351,3836515.962259311,406.4206165157482,2,3109905033
Tile_6.las,207737606,610151.6504729831,3836598.579347376,351.65662003976854,610283.1833746101,3836763.819519603,404.0638762571141,2,5401178875
Tile_60.las,78097425,610809.3049849186,3836515.960262372,354.0684098258391,610940.8378827217,3836598.5813452383,375.9751847803816,2,2030534169
Tile_61.las,35808348,610809.3049834975,3836598.5793563155,354.6364954245985,610875.0724329866,3836681.2004287886,374.6532673740983,2,931018167
Tile_62.las,89696455,610809.3049832534,3836681.1984363184,354.577426768072,610940.8378835889,3836763.819520158,372.3937626982331,2,2332108949
Tile_63.las,88781916,610809.3049870253,3836763.8175219223,355.31759178002926,610940.8378803306,3836846.438607317,380.2578713817745,2,2308330935
Tile_64.las,65355605,610809.3049867827,3836846.436607663,356.0080525588021,610940.8378824986,3836929.05769364,372.2082719223797,2,1699246849
Tile_65.las,66029147,610809.3049915292,3836929.0556953545,355.6222342682779,610940.8378808082,3837011.676780946,388.1795351745784,2,1716758941
Tile_66.las,74380992,610809.3049839896,3837011.674781881,356.7606919949651,610940.8378833599,3837094.295868569,399.17924133485553,2,1933906911
Tile_67.las,89811806,610809.3049828227,3837094.2938697967,356.66348086313906,610894.7617095646,3837259.5340392175,386.43720805256066,2,2335108075
Tile_68.las,167502710,610809.304982653,3837259.5320439255,354.8120034161732,610976.0334137393,3837547.3562975684,387.5958002692312,2,4355071579
Tile_69.las,31173348,610875.0704339928,3836598.57935722,354.93525867087396,610940.8378827287,3836681.2004333716,371.7624495800808,2,810508167
Tile_7.las,128981205,610283.1813761828,3836283.8805819075,351.1008404727802,610546.2451782007,3836433.3431720487,396.87413904985783,2,3353512449
Tile_70.las,64341628,610894.7597112647,3837094.2938694744,356.54597302449497,610997.2907204209,3837259.5340406084,394.08855421079693,2,1672883447
Tile_71.las,77564446,610940.8358845069,3836433.341173843,353.1384757088274,611051.4762368529,3836598.581346264,385.72639988812057,2,2016676715
Tile_72.las,68516162,610940.835886408,3836598.579350799,350.5685866206661,611061.8993496317,3836763.8195204646,382.24260924647,2,1781421331
Tile_73.las,43880352,610940.835884133,3836763.817521477,355.3110015105233,611035.6787059155,3836929.0576820076,381.8042512562349,2,1140890271
Tile_74.las,27117534,610940.8358846174,3836929.055696638,348.4214612992257,611021.0236628004,3837094.295551666,400.9163277343139,2,705057003
Tile_8.las,35631015,610283.1813802178,3836433.341175576,352.4711419969574,610414.7142751644,3836515.96225198,367.333567804493,2,926407509
Tile_9.las,46227723,610283.181375791,3836515.9602620867,352.5485847510174,610414.7142718842,3836598.5813458115,377.1607277773544,2,1201921917
